State,Twitter,Infected,Suspected
Colombia,,3292,65338
Brazil,,1034,70611
Puerto Rico,,550,0
Suriname,,527,3490
French Guiana,,411,4090
United States,,357,0
Venezuela,,352,31224
Guatemala,,261,915
Guadeloupe,,239,1335
Mexico,,239,0
Panama,,220,0
Nicaragua,,139,0
Ecuador,,92,140
Curacao,,73,0
Dominican Republic,,56,1249
El Salvador,,43,11078
Saint Martin,,43,175
Virgin Island,,14,68
Martinique,,12,17990
Barbados,,7,316
Haiti,,5,1777